Layer_i,Layer_j,AUC,Diff_P_N,AUC_abs
14,32,0.714312,0.055992222726345076,0.21431199999999995
15,32,0.711741,0.05577888238430018,0.21174099999999996
29,32,0.710474,0.06334697985649107,0.21047400000000005
5,32,0.7068400000000001,0.04575170385837557,0.20684000000000013
7,32,0.706536,0.043631813943386,0.20653600000000005
16,32,0.7041545,0.053078937828540784,0.20415450000000002
17,32,0.703746,0.05275159698724741,0.20374599999999998
10,32,0.7037329999999999,0.05094595366716381,0.20373299999999994
10,31,0.7035469999999999,0.04988009512424463,0.20354699999999992
6,32,0.703278,0.0438536271452904,0.20327799999999996
4,32,0.703201,0.04680019193887708,0.20320099999999996
1,31,0.7025659999999999,0.04975445073842999,0.2025659999999999
12,32,0.7025279999999999,0.0530364665985108,0.20252799999999993
14,31,0.7022079999999999,0.052354583203792604,0.20220799999999994
10,30,0.701421,0.04963158094882969,0.20142099999999996
9,32,0.700999,0.045586113870143885,0.20099900000000004
8,32,0.7006429999999999,0.043354796707630094,0.2006429999999999
15,30,0.700509,0.04940399193763734,0.20050900000000005
15,31,0.6996550000000001,0.05166047817468644,0.19965500000000014
18,32,0.699107,0.05086967349052429,0.19910700000000003
1,30,0.699023,0.04789896923303605,0.19902299999999995
14,30,0.698383,0.04914824092388154,0.19838299999999998
12,30,0.6982719999999999,0.049236019670963305,0.1982719999999999
1,32,0.6981025,0.050745018303394285,0.19810249999999996
5,31,0.697457,0.04444040787220005,0.197457
7,31,0.697334,0.04266989558935175,0.197334
4,31,0.696919,0.04567725300788883,0.19691899999999996
12,31,0.696855,0.05084844601154337,0.196855
29,33,0.6967590000000001,0.06316588848829269,0.19675900000000013
11,32,0.6959305,0.05052065593004229,0.1959305
2,31,0.695553,0.04825984448194509,0.19555299999999998
3,32,0.6947870000000002,0.04680077928304671,0.19478700000000015
5,30,0.6931054999999999,0.043441120862960814,0.19310549999999993
2,30,0.6930670000000001,0.046338598608970605,0.1930670000000001
17,30,0.692909,0.045682568132877355,0.192909
11,31,0.6924480000000001,0.04827532309293747,0.19244800000000006
11,30,0.6923265000000001,0.04782699000835411,0.19232650000000007
6,31,0.692211,0.042544607818126745,0.19221100000000002
7,30,0.6921694999999999,0.04218179595470428,0.19216949999999988
4,30,0.6920315,0.04396603709459301,0.19203150000000002
16,30,0.6915850000000001,0.0467237683534622,0.19158500000000012
8,31,0.691239,0.04168267911672596,0.19123900000000005
16,31,0.691099,0.0487207082509995,0.19109900000000002
3,31,0.6909799999999999,0.04565347534418107,0.19097999999999993
9,31,0.6904995,0.04310109907388693,0.19049950000000004
2,32,0.690272,0.04821833854913715,0.190272
13,32,0.690045,0.0499096577763557,0.19004500000000002
18,30,0.6891959999999999,0.043930369555950144,0.18919599999999992
17,31,0.6886639999999999,0.04758276176452636,0.18866399999999994
8,30,0.688525,0.04159566742181775,0.18852500000000005
9,30,0.6874184999999999,0.04214325487613679,0.18741849999999993
6,30,0.687381,0.04184798729419703,0.18738100000000002
3,30,0.686928,0.04416126865148551,0.18692799999999998
31,32,0.6869025,0.04008536100387575,0.18690249999999997
19,32,0.6845559999999999,0.04798800039291373,0.18455599999999994
18,31,0.683563,0.04543860936164856,0.18356300000000003
20,32,0.6831575,0.04788142317533495,0.18315749999999997
13,31,0.6821219999999999,0.04658378922939299,0.1821219999999999
31,33,0.6806575,0.04752822238206861,0.18065750000000003
21,32,0.679622,0.04687085962295534,0.17962199999999995
25,32,0.6777090000000001,0.049345598578453,0.17770900000000012
13,30,0.6775589999999999,0.043633710801601444,0.1775589999999999
10,29,0.6759,0.04355275791883473,0.17589999999999995
28,32,0.6753,0.05173297262191773,0.1753
15,29,0.674015,0.04213334524631501,0.17401500000000003
23,32,0.673789,0.04623779672384254,0.17378899999999997
7,29,0.6737264999999999,0.03778660523891453,0.1737264999999999
24,32,0.673364,0.04713186830282201,0.17336399999999996
26,32,0.6726230000000001,0.0479672968983651,0.17262300000000008
8,29,0.672506,0.03756012296676636,0.17250600000000005
5,29,0.6717740000000001,0.038450850009918214,0.1717740000000001
14,29,0.6716214999999999,0.0416668142080307,0.17162149999999987
1,29,0.671206,0.040018337607383714,0.17120599999999997
4,29,0.671081,0.03879794329404829,0.17108100000000004
28,33,0.670809,0.0527880024313927,0.170809
11,29,0.6707749999999999,0.04081619709730144,0.1707749999999999
12,29,0.670389,0.041896955132484426,0.170389
19,30,0.669729,0.039239111065864585,0.16972900000000002
6,29,0.6695519999999999,0.03751142501831062,0.16955199999999992
10,28,0.66949,0.041987690865993466,0.16949000000000003
2,29,0.668728,0.03944558054208758,0.168728
7,33,0.668562,0.03457219612598417,0.168562
22,32,0.66852,0.04374732393026359,0.16852
11,28,0.6683115,0.040062983334064495,0.16831149999999995
5,28,0.667871,0.03724494689702995,0.167871
20,30,0.667447,0.039118269920349114,0.167447
7,28,0.6673909999999998,0.036495671629905746,0.16739099999999985
3,29,0.6673469999999999,0.03902898943424227,0.1673469999999999
1,28,0.667312,0.03845343840122217,0.16731200000000002
17,29,0.6670389999999999,0.038832735359668746,0.16703899999999994
4,28,0.666537,0.037347018361091555,0.16653700000000005
8,28,0.666357,0.036488183617591874,0.16635699999999998
30,32,0.6659609999999999,0.04321966886520384,0.16596099999999991
12,28,0.665586,0.04051183199882502,0.165586
19,31,0.665402,0.04106510096788407,0.16540200000000005
18,29,0.6653315,0.03766985291242603,0.16533149999999996
2,28,0.665106,0.037870730936527264,0.16510599999999998
16,29,0.664592,0.03951102572679521,0.16459199999999996
6,28,0.6645155,0.03617473608255384,0.16451550000000004
5,33,0.6642575,0.03565909653902055,0.16425749999999995
9,29,0.6638470000000001,0.036872896611690575,0.16384700000000008
14,33,0.663371,0.042745104014873525,0.16337100000000004
6,33,0.663348,0.03442721849679942,0.16334800000000005
3,28,0.663149,0.03776959782838818,0.163149
15,28,0.663015,0.03816048753261564,0.16301500000000002
30,33,0.662912,0.046446431338787064,0.16291199999999995
20,31,0.662777,0.04093237471580502,0.16277699999999995
26,33,0.6622569999999999,0.04756036972999578,0.16225699999999987
9,33,0.662189,0.03586950331926342,0.16218900000000003
15,33,0.6621370000000001,0.04339729148149485,0.1621370000000001
8,33,0.661032,0.03407805949449538,0.16103199999999995
25,33,0.6605300000000001,0.046922037601470956,0.16053000000000006
17,33,0.6597185,0.04220381051301958,0.15971849999999999
14,28,0.6593410000000002,0.03780244725942611,0.15934100000000018
9,28,0.658032,0.035441389858722694,0.15803199999999995
18,33,0.657747,0.041514744043350205,0.15774699999999997
21,30,0.6575570000000001,0.0369836363196373,0.15755700000000006
10,27,0.657224,0.03649390697479249,0.15722400000000003
17,28,0.657213,0.03478321701288223,0.15721300000000005
16,33,0.656537,0.04190904814004903,0.15653700000000004
24,33,0.6562269999999999,0.04325731176137926,0.1562269999999999
4,33,0.656069,0.035219576478004444,0.156069
21,33,0.6559250000000001,0.04170108926296234,0.1559250000000001
18,28,0.655524,0.033791160225868255,0.155524
8,27,0.6550530000000001,0.03247491639852518,0.1550530000000001
27,32,0.654821,0.04373309159278865,0.154821
5,27,0.654646,0.032456564009189615,0.15464599999999995
7,27,0.6544975,0.031938373088836736,0.15449749999999995
16,28,0.6537339999999999,0.03534150421619414,0.15373399999999993
11,27,0.653569,0.03311652034521101,0.15356899999999996
4,27,0.653397,0.03235653322935106,0.153397
6,27,0.6529959999999999,0.03178733366727826,0.1529959999999999
11,33,0.652818,0.03896645289659506,0.152818
21,31,0.6526025,0.03875721102952956,0.15260249999999997
23,33,0.6524289999999999,0.041164196312427515,0.15242899999999993
27,33,0.6515785000000001,0.044683551907539365,0.15157850000000006
25,30,0.651089,0.03443572342395784,0.15108900000000003
10,33,0.6510479999999998,0.03720990562438964,0.15104799999999985
12,27,0.6504675000000001,0.03361362659931183,0.1504675000000001
20,33,0.6501709999999999,0.04024490630626687,0.15017099999999994
12,33,0.650096,0.03902369892597202,0.150096
19,33,0.649891,0.04013625073432925,0.149891
3,27,0.649565,0.0324088310003281,0.14956499999999995
22,33,0.649044,0.03957311666011809,0.14904399999999995
19,29,0.6481454999999999,0.03303295952081681,0.14814549999999993
23,30,0.648077,0.034423626184463485,0.14807700000000001
2,27,0.6477375,0.03144753336906425,0.14773749999999997
25,31,0.647554,0.03948892879486088,0.14755399999999996
24,30,0.6475014999999998,0.03409707576036458,0.14750149999999984
13,29,0.6473669999999999,0.03581802129745487,0.14736699999999991
20,29,0.6462114999999999,0.032816185832023614,0.14621149999999994
13,28,0.645815,0.03431098914146419,0.14581500000000003
1,27,0.645414,0.031013761937618234,0.14541400000000004
22,30,0.645322,0.033233417570591006,0.14532199999999995
29,31,0.6452770000000001,0.026971090197563163,0.1452770000000001
9,27,0.6451359999999999,0.030750955820083692,0.14513599999999993
1,33,0.6448849999999999,0.03751538461446757,0.14488499999999993
13,33,0.6447014999999999,0.03791616314649582,0.14470149999999993
5,26,0.6441600000000001,0.029294551014900194,0.14416000000000007
4,26,0.643851,0.02928735005855565,0.14385099999999995
23,31,0.6435970000000002,0.03714530760049822,0.1435970000000002
8,26,0.643294,0.02949554198980331,0.14329400000000003
10,26,0.6431880000000001,0.03253727370500564,0.1431880000000001
6,26,0.643154,0.028691669225692662,0.143154
7,26,0.642898,0.028685897767543822,0.14289799999999997
11,26,0.6426430000000001,0.029989555001258827,0.14264300000000008
19,28,0.641952,0.029780486524105088,0.14195199999999997
24,31,0.641855,0.03764774656295772,0.14185499999999995
20,28,0.641671,0.02935770636796947,0.141671
26,30,0.6402420000000001,0.02961646032333376,0.1402420000000001
3,26,0.6401929999999999,0.029416863977909102,0.1401929999999999
14,27,0.6396700000000001,0.03018014246225359,0.13967000000000007
22,31,0.639216,0.035315910279750784,0.139216
3,33,0.638915,0.03324928742647171,0.138915
8,24,0.6388364999999999,0.02895352119207384,0.13883649999999992
15,27,0.638713,0.030169617533683746,0.13871299999999998
2,26,0.6385645,0.028259063005447393,0.13856449999999998
5,24,0.638556,0.028292292416095766,0.138556
21,29,0.6378440000000001,0.03074231016635892,0.13784400000000008
11,24,0.6378320000000001,0.027792259812355058,0.13783200000000007
10,24,0.6378090000000001,0.0307315829992294,0.13780900000000007
6,24,0.6377085,0.028105728864669777,0.1377085
4,24,0.6374415,0.028135719478130428,0.1374415
7,24,0.63665,0.028198547959327636,0.13665000000000005
21,28,0.63608,0.027170601725578336,0.13607999999999998
26,31,0.63605,0.03539774292707443,0.13605
4,23,0.6358435,0.02732040435075761,0.1358435
8,23,0.635222,0.027785874664783494,0.13522199999999995
1,26,0.635162,0.02798606705665596,0.135162
12,26,0.6350549999999999,0.029609500348567963,0.13505499999999993
5,23,0.634759,0.027048367559909803,0.13475899999999996
6,23,0.6343890000000001,0.026773442089557564,0.1343890000000001
9,26,0.634354,0.02757249605655676,0.13435399999999997
8,20,0.634026,0.02620375794172286,0.13402599999999998
4,22,0.63398,0.026750695586204576,0.13398
10,20,0.6338375,0.02795606464147571,0.13383750000000005
8,22,0.6336909999999999,0.027143325507640814,0.1336909999999999
18,27,0.6333185,0.026786483705043773,0.1333185
7,23,0.6333135,0.026999302268028325,0.13331349999999997
4,25,0.6331275,0.02680767816305163,0.13312749999999995
11,23,0.6331249999999999,0.026030345737934113,0.13312499999999994
17,27,0.63297,0.027167306840419736,0.13297000000000003
5,25,0.6329469999999999,0.02671082383394241,0.13294699999999993
2,24,0.63293,0.027044349968433412,0.13293
6,20,0.6328539999999999,0.025475415527820566,0.13285399999999992
4,20,0.632787,0.02560210055112838,0.132787
11,20,0.632757,0.023482958614826244,0.13275700000000001
3,24,0.632736,0.027772582054138184,0.13273599999999997
2,33,0.632706,0.03394615072011942,0.132706
10,23,0.6326979999999999,0.028953349292278274,0.13269799999999987
5,20,0.63256,0.025778655767440817,0.13256
9,24,0.6321000000000001,0.027199286341667184,0.1321000000000001
8,21,0.632095,0.02641221898794177,0.13209499999999996
6,25,0.631978,0.026109496116638264,0.13197800000000004
5,22,0.631952,0.02652319109439849,0.13195199999999996
10,21,0.6319515,0.02805266088247299,0.1319515
4,21,0.6318729999999999,0.02624851232767106,0.1318729999999999
2,23,0.63134,0.02665843701362608,0.13134
8,25,0.631247,0.02661737126111985,0.131247
16,27,0.6312185,0.02772804051637645,0.13121850000000002
11,22,0.631146,0.024647211134433744,0.13114599999999998
6,22,0.6311335,0.026173670113086744,0.13113350000000001
15,26,0.631067,0.027270293176174132,0.13106700000000004
10,22,0.631043,0.028243374943733246,0.13104300000000002
11,21,0.6308600000000001,0.024272305071353917,0.1308600000000001
2,21,0.630809,0.026077831149101283,0.13080899999999995
7,20,0.63068,0.025282351493835453,0.13068000000000002
5,21,0.630663,0.026023888587951682,0.13066299999999997
3,23,0.6305774999999999,0.026860310435295076,0.1305774999999999
6,21,0.6304029999999999,0.025673644840717325,0.13040299999999994
7,22,0.630305,0.026325119733810465,0.130305
2,20,0.630223,0.025154902637004872,0.13022299999999998
7,25,0.6300969999999999,0.026018183767795522,0.1300969999999999
1,23,0.629483,0.026792414307594326,0.12948300000000001
1,24,0.6294795,0.02686676275730132,0.12947949999999997
13,27,0.629366,0.02705686026811599,0.12936599999999998
11,25,0.6293529999999999,0.025426357924938192,0.12935299999999994
10,25,0.629342,0.028267011702060696,0.12934199999999996
3,20,0.629254,0.025379623174667354,0.12925399999999998
2,22,0.6292200000000001,0.025832002818584443,0.1292200000000001
3,25,0.628891,0.026678256034850967,0.12889099999999998
3,22,0.6288830000000001,0.026277937948703756,0.12888300000000008
7,21,0.628705,0.025499994874000564,0.12870499999999996
1,21,0.6284810000000001,0.02614567333459855,0.12848100000000007
3,21,0.628361,0.02618133831024172,0.12836099999999995
9,23,0.6277220000000001,0.02578830420970918,0.1277220000000001
9,22,0.627536,0.025367831885814707,0.12753599999999998
9,20,0.6275195,0.02420989292860032,0.1275195
1,20,0.6270355000000001,0.02511830031871798,0.12703550000000008
1,22,0.626664,0.025699622035026515,0.126664
2,25,0.6266039999999999,0.02546828091144565,0.12660399999999994
17,26,0.6257689999999999,0.023750518918037422,0.1257689999999999
14,26,0.625457,0.025872412383556365,0.12545700000000004
1,25,0.625111,0.025403587341308598,0.12511099999999997
9,21,0.6247725,0.024323073387145955,0.12477249999999995
12,24,0.6244185,0.026442409634590103,0.12441849999999999
24,28,0.624383,0.021401653230190276,0.12438300000000002
18,26,0.624148,0.022915133357048006,0.12414800000000004
23,29,0.623887,0.027180543065071117,0.12388699999999997
9,25,0.6231340000000001,0.02456569910049433,0.12313400000000008
22,28,0.6227155,0.02321387082338333,0.12271549999999998
16,26,0.6223329999999999,0.02453178352117541,0.12233299999999991
19,27,0.6218075,0.023528100073337554,0.12180749999999996
22,29,0.621621,0.026616676211357104,0.12162099999999998
23,28,0.621594,0.02258573746681214,0.12159399999999998
15,24,0.6214179999999999,0.023600369215011602,0.12141799999999991
14,24,0.620533,0.02354478144645694,0.120533
24,29,0.619982,0.02607555884122853,0.11998200000000003
29,30,0.6190415,0.01340859603881836,0.11904150000000002
25,28,0.618711,0.017947256147861496,0.11871100000000001
6,19,0.618596,0.022321034431457498,0.11859600000000003
12,25,0.618345,0.024501610398292517,0.11834500000000003
28,31,0.618311,0.028448390007019042,0.11831100000000006
5,19,0.618302,0.022772898375988004,0.11830200000000002
20,27,0.618248,0.022359296619892166,0.11824800000000002
10,19,0.6180809999999999,0.023426415145397173,0.11808099999999988
8,19,0.617818,0.022497990429401427,0.11781799999999998
13,26,0.6178075,0.02416405659914017,0.11780749999999995
4,19,0.6178,0.022559514641761758,0.11780000000000002
11,19,0.6177520000000001,0.01900336188077928,0.11775200000000008
32,33,0.617613,0.018316368103027364,0.11761299999999997
12,21,0.617513,0.023239958345890044,0.11751299999999998
12,23,0.617192,0.02469306242465974,0.11719199999999996
12,22,0.6165875000000001,0.023673789203166984,0.11658750000000007
12,20,0.6165304999999999,0.02183452427387239,0.11653049999999987
14,23,0.615723,0.02195310759544375,0.11572300000000002
15,25,0.615543,0.02201771694421767,0.11554299999999995
15,23,0.6150164999999999,0.021479721069335933,0.11501649999999985
7,19,0.614619,0.021812072575092323,0.11461900000000003
2,19,0.6143049999999999,0.021881076335906968,0.11430499999999988
15,22,0.614154,0.019685118913650518,0.11415399999999998
14,20,0.6137079999999999,0.016956022679805782,0.11370799999999992
26,28,0.6134919999999999,0.013624470710754372,0.11349199999999993
25,29,0.613332,0.023899778962135354,0.11333199999999999
14,25,0.6132704999999999,0.02142085015773776,0.11327049999999994
3,19,0.613269,0.022158829808235136,0.11326899999999995
16,24,0.6132555,0.02085160958766938,0.11325549999999995
17,24,0.6127849999999999,0.01928602170944213,0.11278499999999991
15,21,0.612456,0.01796139335632324,0.112456
14,22,0.612116,0.01956305766105651,0.112116
14,21,0.6115675,0.018380725443363194,0.11156750000000004
9,19,0.611491,0.020389710903167768,0.111491
15,20,0.611456,0.01575989961624144,0.111456
6,18,0.6113,0.020465405344963106,0.11129999999999995
19,26,0.610942,0.01951925832033158,0.11094199999999999
8,18,0.610659,0.02036459636688237,0.11065899999999995
18,24,0.6104430000000001,0.01788913434743883,0.11044300000000007
1,19,0.61019,0.02154781293869018,0.11019000000000001
5,18,0.61019,0.020910316169261922,0.11019000000000001
17,25,0.6100465,0.01869911926984788,0.11004650000000005
18,25,0.609679,0.017941247582435593,0.10967899999999997
4,18,0.60935,0.020544480204582216,0.10934999999999995
17,22,0.6089335,0.016049020469188713,0.10893350000000002
17,20,0.608737,0.011653324067592619,0.10873699999999997
6,17,0.6087079999999999,0.019509791731834425,0.10870799999999992
8,14,0.608661,0.015929444849491103,0.10866100000000001
10,18,0.6084849999999999,0.020665399014949792,0.10848499999999994
8,17,0.6083419999999999,0.019143912613391822,0.10834199999999994
16,22,0.608202,0.017282949745655085,0.10820200000000002
21,27,0.6081685000000001,0.019787657380104046,0.10816850000000011
16,23,0.6081645,0.01864400243759154,0.1081645
16,25,0.60768,0.01950442886352538,0.10768
17,21,0.607664,0.014063768625259404,0.10766399999999998
16,20,0.607244,0.01302768969535828,0.107244
16,21,0.6070580000000001,0.015430749595165244,0.1070580000000001
8,16,0.6068715,0.01807497155666349,0.10687150000000001
8,13,0.6068524999999999,0.01594374048709868,0.1068524999999999
7,18,0.606734,0.01987730288505557,0.106734
27,30,0.606648,0.021302323818206792,0.10664799999999997
27,31,0.606509,0.02760865652561184,0.10650899999999996
11,18,0.606243,0.016002475500106805,0.10624299999999998
13,24,0.606235,0.02109986358880994,0.10623499999999997
5,17,0.6061690000000001,0.019682684004306783,0.10616900000000007
18,21,0.605725,0.012013562142848974,0.10572499999999996
17,23,0.605653,0.017001435637474055,0.105653
6,14,0.6055834999999999,0.016117507636547124,0.10558349999999994
18,20,0.605179,0.008936543583869944,0.10517900000000002
11,14,0.60514,0.009558117270469652,0.10514000000000001
8,15,0.6050570000000001,0.01669645971059802,0.10505700000000007
18,22,0.605029,0.014115964770317097,0.10502900000000004
6,16,0.604749,0.01831674474477768,0.10474899999999998
3,18,0.6044720000000001,0.02010250389575957,0.10447200000000012
7,17,0.604417,0.018819432318210594,0.10441699999999998
20,26,0.6041529999999999,0.017559969723224655,0.10415299999999994
4,17,0.603773,0.019038715898990644,0.103773
18,19,0.6037045000000001,0.004607859075069422,0.10370450000000009
6,13,0.6036279999999999,0.015427955448627517,0.10362799999999994
28,30,0.6035305,0.0189716002345085,0.10353049999999997
13,20,0.603525,0.016937488615512863,0.10352499999999998
6,15,0.6034945,0.01696763020753861,0.10349450000000004
10,17,0.603291,0.018630367159843453,0.10329100000000002
13,22,0.6032320000000001,0.018688419818878144,0.1032320000000001
12,19,0.6030055000000001,0.017763914585113533,0.10300550000000008
13,21,0.602889,0.018023092150688175,0.10288900000000001
5,16,0.602708,0.018424115777015693,0.10270800000000002
2,18,0.6026469999999999,0.019715411186218224,0.10264699999999993
5,14,0.602602,0.016242768108844785,0.10260199999999997
9,18,0.6024965,0.01809523779153821,0.10249649999999999
10,13,0.602447,0.012836890995502476,0.10244699999999995
7,14,0.6015360000000001,0.015408945858478573,0.10153600000000007
5,15,0.6014825,0.017252614915370945,0.10148250000000003
13,23,0.601395,0.019631805062294005,0.10139500000000001
7,16,0.6013299999999999,0.017696675300598153,0.10132999999999992
11,17,0.6011435,0.0140500726699829,0.10114350000000005
10,14,0.601132,0.01397488862276075,0.101132
26,29,0.600911,0.01799579215049743,0.10091099999999997
10,16,0.6006750000000001,0.016958131790161146,0.10067500000000007
18,23,0.6006245,0.015183022022247306,0.1006245
5,13,0.6004559999999999,0.0156597328186035,0.10045599999999988
17,19,0.6000530000000001,0.007213032245635992,0.10005300000000006
13,25,0.599859,0.018967719078063994,0.09985900000000003
9,17,0.5998070000000001,0.016624092519283318,0.09980700000000009
7,15,0.5997655,0.016370617985725366,0.09976549999999995
1,18,0.599656,0.01971746093034743,0.09965599999999997
4,16,0.599599,0.017784776926040635,0.099599
19,24,0.59958,0.014628335118293784,0.09958
11,16,0.599013,0.01297439956665039,0.09901300000000002
11,13,0.598952,0.007537251770496356,0.09895200000000004
7,13,0.598369,0.014784719526767742,0.09836900000000004
15,19,0.598268,0.011171408355236043,0.09826800000000002
6,12,0.598007,0.014200522899627643,0.09800699999999996
4,14,0.5978870000000001,0.01563095378875734,0.09788700000000006
11,15,0.5976414999999999,0.010722936630249008,0.09764149999999994
5,12,0.597591,0.01461130446195602,0.09759099999999998
3,17,0.5974889999999999,0.01848431986570359,0.09748899999999994
4,15,0.597421,0.016556361496448513,0.09742099999999998
21,26,0.5973580000000001,0.015250123620033251,0.09735800000000006
8,12,0.5971139999999999,0.014179051876068105,0.09711399999999992
10,15,0.597102,0.015042100012302384,0.09710200000000002
14,19,0.596923,0.012148829042911535,0.09692299999999998
20,24,0.5967665,0.01243601888418197,0.09676649999999998
22,27,0.5962069999999999,0.016791213214397444,0.09620699999999993
9,16,0.5958875,0.015202404499053968,0.09588750000000001
9,14,0.595495,0.012957366406917581,0.095495
19,25,0.5954275,0.01434994822740554,0.0954275
16,19,0.5948775000000001,0.008627192795276642,0.09487750000000006
2,17,0.594192,0.01799152785539626,0.09419200000000005
3,16,0.5937355,0.01719641429185864,0.09373549999999997
4,13,0.593585,0.014611370384693123,0.09358500000000003
9,13,0.5931545,0.012326279103756,0.09315450000000003
19,22,0.592785,0.010582034409046176,0.092785
9,15,0.592453,0.013424444973468785,0.09245300000000001
7,12,0.5916595,0.013569734513759646,0.0916595
3,15,0.590597,0.01599428021907806,0.09059700000000004
19,21,0.5905815000000001,0.00799904507398605,0.09058150000000009
3,14,0.590014,0.015072144329547899,0.09001400000000004
13,19,0.5900050000000001,0.01316459083557131,0.09000500000000011
1,17,0.5899945,0.017536833465099322,0.08999449999999998
12,18,0.5899519999999999,0.014130132615566254,0.08995199999999992
2,16,0.5892614999999999,0.016184326171874985,0.08926149999999988
19,23,0.588977,0.011887883067131066,0.08897699999999997
20,25,0.588854,0.012284909367561353,0.08885399999999999
12,13,0.5878399999999999,0.004561237096786491,0.08783999999999992
4,12,0.587421,0.013153549373149886,0.08742099999999997
1,16,0.585553,0.015798634052276606,0.08555299999999999
26,27,0.5854119999999999,0.005811603128910062,0.08541199999999993
10,12,0.5850420000000001,0.00939967155456542,0.08504200000000006
2,15,0.584984,0.015009029507636995,0.08498399999999995
5,11,0.584822,0.01117128425836561,0.08482199999999995
21,25,0.5846034999999999,0.009685964524745933,0.08460349999999994
12,17,0.584392,0.011842386364936841,0.08439200000000002
3,13,0.5843630000000001,0.013790736019611338,0.08436300000000008
6,11,0.584088,0.010084338068962112,0.08408800000000005
23,27,0.584077,0.014545447468757633,0.08407699999999996
21,24,0.5840765,0.008378252863883967,0.0840765
12,14,0.5840369999999999,0.0062872813940048206,0.08403699999999992
24,27,0.583685,0.013299519002437588,0.08368500000000001
20,23,0.583521,0.009281711995601655,0.08352099999999996
12,15,0.5833295,0.008048831462860118,0.08332949999999995
15,18,0.5830715,0.006895509421825402,0.08307149999999996
2,14,0.582473,0.014184610366821282,0.08247300000000002
20,22,0.582416,0.006876107990741731,0.08241600000000004
17,18,0.5822215,0.002634605467319494,0.08222149999999995
12,16,0.5821000000000001,0.010456680953502634,0.08210000000000006
19,20,0.5815355,0.004510975837707522,0.08153549999999998
11,12,0.5795520000000001,0.004960690677165994,0.07955200000000007
25,27,0.5793745,0.010082867145538327,0.07937450000000001
14,18,0.57929,0.007770951449871055,0.07928999999999997
22,26,0.579149,0.011750839233398452,0.07914900000000002
1,15,0.579004,0.014583903849124946,0.07900399999999996
4,11,0.578995,0.01062572026252745,0.07899500000000004
9,12,0.5789095,0.01008556520938872,0.07890949999999997
16,18,0.578507,0.004283084809780124,0.078507
1,14,0.578289,0.01383615261316301,0.07828900000000005
3,12,0.578217,0.012143865525722497,0.07821699999999998
15,17,0.5764050000000001,0.004119988799095149,0.07640500000000006
13,18,0.575021,0.009507362246513384,0.075021
20,21,0.574587,0.003741604864597327,0.07458699999999996
8,11,0.572454,0.008540748059749609,0.07245400000000002
2,13,0.5718610000000001,0.011817149817943573,0.07186100000000006
15,16,0.5714174999999999,0.002569389224052431,0.07141749999999991
21,23,0.5710505,0.005355395495891577,0.07105050000000002
21,22,0.5707845,0.003063860177993774,0.07078450000000003
7,11,0.5699394999999999,0.008143439114093792,0.06993949999999993
14,17,0.5694619999999999,0.005083736836910255,0.06946199999999991
3,11,0.5689440000000001,0.009864551186561599,0.06894400000000012
2,11,0.5688675,0.010146415114402785,0.06886749999999997
4,6,0.568351,0.005873670041561127,0.06835100000000005
22,25,0.5675395,0.006760693669319168,0.06753949999999997
13,17,0.5664875,0.006950848281383509,0.06648750000000003
14,16,0.5661930000000001,0.003849479258060451,0.06619300000000006
1,13,0.566174,0.010922771453857394,0.06617399999999996
2,12,0.5661505,0.010322392642498013,0.0661505
3,6,0.564651,0.008420792460441584,0.06465100000000001
1,11,0.561947,0.00910234379768371,0.061946999999999974
5,6,0.5617265,0.0024409313797950707,0.06172650000000002
13,16,0.5610225,0.0058202975988388,0.06102249999999998
23,26,0.560797,0.008962742567062365,0.06079699999999999
3,5,0.559201,0.006193844556808478,0.05920099999999995
16,17,0.5577685,0.0014180651903152458,0.0577685
2,6,0.557355,0.01024104285240171,0.057355000000000045
4,5,0.557134,0.0035517215728759766,0.05713400000000002
1,12,0.556923,0.0091034464240074,0.056922999999999946
27,29,0.5568739999999999,0.009173411846160884,0.05687399999999987
5,10,0.556617,0.005928262352943442,0.05661700000000003
9,11,0.5554565,0.005965879321098322,0.05545650000000002
3,7,0.5533049999999999,0.007938527464866646,0.053304999999999936
13,15,0.553161,0.0032948191165924068,0.053161000000000014
22,24,0.5530695,0.003971489667892458,0.05306949999999999
10,11,0.5519035,0.004751576125621798,0.05190349999999999
24,26,0.551773,0.0066334586739540125,0.05177299999999996
4,7,0.5514395000000001,0.006020863592624673,0.05143950000000008
2,7,0.550408,0.009286423444747893,0.05040800000000001
4,10,0.550097,0.005925174057483662,0.05009699999999995
6,10,0.549358,0.003973008394241334,0.04935800000000001
2,5,0.548633,0.008415567100048066,0.04863300000000004
27,28,0.5480955,0.00334217852354049,0.04809549999999996
14,15,0.547396,0.0012684443593025188,0.047395999999999994
25,26,0.547073,0.0038315274119377074,0.04707300000000003
1,6,0.5468665,0.008316200852394151,0.04686650000000003
30,31,0.546614,0.005788614451885221,0.046614000000000044
23,25,0.546218,0.003961738586425775,0.04621799999999998
2,10,0.5443640000000001,0.006370832085609457,0.04436400000000007
3,10,0.5439815,0.00607164013385772,0.04398150000000001
1,7,0.542298,0.007785992264747632,0.04229799999999995
3,4,0.542156,0.002040436804294589,0.04215599999999997
1,5,0.542155,0.006758794188499451,0.042155000000000054
1,10,0.540503,0.005864347398281122,0.040502999999999956
28,29,0.5405,0.00581064230203629,0.04049999999999998
23,24,0.539432,0.001987677037715914,0.03943200000000002
5,7,0.5363249999999999,0.0033619890809059166,0.03632499999999994
2,8,0.5349079999999999,0.006702056884765606,0.03490799999999994
7,10,0.5340885,0.0022161656618118475,0.034088499999999966
1,8,0.5326305,0.005545131385326418,0.03263050000000001
8,10,0.529218,0.001993897318840032,0.029217999999999966
3,8,0.5280790000000001,0.005744441330432892,0.028079000000000076
4,9,0.527903,0.0042401854395866245,0.02790300000000001
2,4,0.5270665,0.00368806201219557,0.027066499999999993
2,9,0.526394,0.005123831570148452,0.02639400000000003
3,9,0.5260855,0.004866641402244576,0.026085499999999984
24,25,0.524384,0.0017679629325866655,0.02438399999999996
1,4,0.5242120000000001,0.001647046446800221,0.024212000000000122
13,14,0.5238259999999999,0.0010923962593078623,0.023825999999999903
5,9,0.522597,0.0030386958122253505,0.022596999999999978
22,23,0.5220625,0.0012402941584587143,0.022062499999999985
1,9,0.5218609999999999,0.0036911200881004635,0.02186099999999991
4,8,0.520987,0.004267061471939088,0.020986999999999978
6,7,0.5175700000000001,0.0014466988444328255,0.017570000000000086
7,8,0.4834235,-0.0005281483530998193,0.016576499999999994
8,9,0.5155245,0.00040569776296615206,0.015524500000000052
6,9,0.515036,0.0014438945651054358,0.01503600000000005
9,10,0.509425,0.0005509611368179346,0.009425000000000017
6,8,0.49215149999999996,0.0003824712038040107,0.007848500000000036
5,8,0.507328,0.002251789748668659,0.007328000000000001
7,9,0.5057895,-0.00022252362966537764,0.005789500000000003
1,3,0.505268,-0.0023104584217071567,0.00526800000000005
2,3,0.5038075000000001,0.0006206793785095144,0.0038075000000000747
1,2,0.5002515000000001,-0.003674782752990713,0.0002515000000000711
